<?xml version="1.0" encoding="UTF-8"?>
<!DOCTYPE mapper PUBLIC "-//mybatis.org//DTD Mapper 3.0//EN" "http://mybatis.org/dtd/mybatis-3-mapper.dtd">
<mapper namespace="com.potato.boot.mybatis.mapper.ClazzMapper">
    <resultMap id="clazzMap" type="com.potato.boot.mybatis.domain.Clazz">
        <id column="clazz_id"  property="clazzId"/>
        <result column="clazz_name"  property="clazzName"/>
        <association property="teacher" javaType="com.potato.boot.mybatis.domain.Teacher1">
            <id column="teacher_id" property="teacherId"/>
            <result column="teacher_name" property="teacherName"/>
        </association>
        <collection property="students" ofType="com.potato.boot.mybatis.domain.Student1">
            <id column="student_id" property="studentId"/>
            <result column="student_name" property="studentName"/>
            <result column="hometown" property="hometown"/>
        </collection>
    </resultMap>

    <select id="getClazz" resultMap="clazzMap" parameterType="int">
        select c.clazz_id, c.clazz_name, t.teacher_id, t.teacher_name, s.student_id, s.student_name, s.hometown
        from t_clazz c
                     left join
                     t_teacher1 t
                             on c.clazz_id = t.clazz_id
                     left join
                     t_student1 s
                             on c.clazz_id = s.clazz_id
        where c.clazz_id = #{clazzId}
    </select>
</mapper>