<?xml version="1.0" encoding="UTF-8"?>
<!DOCTYPE mapper PUBLIC "-//mybatis.org//DTD Mapper 3.0//EN" "http://mybatis.org/dtd/mybatis-3-mapper.dtd">
<mapper namespace="com.potato.boot.mybatis.mapper.Student1Mapper">
    <resultMap id="student1Map" type="Student1">
        <id column="student_id" property="studentId"/>
        <result column="student_name" property="studentName"/>
        <result column="hometown" property="hometown"/>
        <result column="birthday" property="birthday"/>

        <association property="clazz" javaType="com.potato.boot.mybatis.domain.Clazz">
            <id column="clazz_id" property="clazzId"/>
            <result column="clazz_name" property="clazzName"/>
        </association>
        <collection property="courses" ofType="com.potato.boot.mybatis.domain.Course">
            <id column="course_id" property="courseId"/>
            <result column="course_name" property="courseName"/>
        </collection>
    </resultMap>

    <select id="getStudent" resultMap="student1Map" parameterType="int">
        select s.student_id,
               student_name,
               s.hometown,
               s.birthday,
               c.clazz_id,
               c.clazz_name,
               cc.course_id,
               cc.course_name
        from t_student1 s
                     left join t_clazz c
                on s.clazz_id = c.clazz_id
                     left join t_course_student ts
                on s.student_id = ts.student_id
                     left join t_course cc
                on ts.course_id = cc.course_id
        where s.student_id = #{studentId}
    </select>
</mapper>