<?xml version="1.0" encoding="UTF-8"?>
<!DOCTYPE mapper PUBLIC "-//mybatis.org//DTD Mapper 3.0//EN" "http://mybatis.org/dtd/mybatis-3-mapper.dtd">
<mapper namespace="com.potato.boot.mybatis.mapper.Teacher1Mapper">
    <resultMap id="teacher1Map" type="com.potato.boot.mybatis.domain.Teacher1">
        <id column="teacher_id" property="teacherId"/>
        <result column="teacher_name" property="teacherName"/>
        <association property="clazz" javaType="com.potato.boot.mybatis.domain.Clazz">
            <id column="clazz_id" property="clazzName"></id>
            <result column="clazz_name" property="clazzName"/>
        </association>
    </resultMap>

    <select id="getTeacherOneByOne" resultMap="teacher1Map" parameterType="int">
        select t.teacher_id, t.teacher_name, c.clazz_id, c.clazz_name
        from t_teacher1 t,
             t_clazz c
        where t.teacher_id = #{teacher1Id}
          and t.clazz_id = c.clazz_id
    </select>
</mapper>